<system inter_gene_max_space="5" min_mandatory_genes_required="2" min_genes_required="3">

<gene name="cas1_TypeI-II-III" presence="accessory"  system_ref="CAS"/>
<gene name="cas2_TypeI-II-III" presence="accessory"  system_ref="CAS"/>

<gene name="cas6_TypeI-III" presence="accessory"  system_ref="CAS"/>
<gene name="cas4_TypeI-II" presence="accessory"  system_ref="CAS"/>
<gene name="cas5_TypeI" presence="accessory"  system_ref="CAS"/>
<gene name="cas3_TypeI" presence="accessory"  system_ref="CAS"/>
<gene name="cas3a_TypeI" presence="accessory"  system_ref="CAS"/>

<gene name="cas3_TypeIU" presence="mandatory"/>
<gene name="csb1_TypeIU" presence="mandatory"/>
<gene name="csb2_TypeIU" presence="mandatory"/>
<gene name="csb3_TypeIU" presence="mandatory"/>
<gene name="csx17_TypeIU" presence="mandatory"/>

<gene name="cas9_TypeII" presence="forbidden"  system_ref="CAS-TypeIIU"/>
<gene name="cas9_TypeIIB" presence="forbidden"  system_ref="CAS-TypeIIB"/>

<gene name="cas10_TypeIIIA" presence="forbidden"  system_ref="CAS-TypeIIIA"/>
<gene name="cas10_TypeIIIB" presence="forbidden"  system_ref="CAS-TypeIIIB"/>

</system>
