<system inter_gene_max_space="5" min_mandatory_genes_required="2" min_genes_required="3">

<gene name="cas1_TypeI-II-III" presence="accessory"  system_ref="CAS"/>
<gene name="cas2_TypeI-II-III" presence="accessory"  system_ref="CAS"/>

<gene name="cas6_TypeI-III" presence="accessory"  system_ref="CAS"/>
<gene name="cas4_TypeI-II" presence="accessory"  system_ref="CAS"/>
<gene name="cas5_TypeI" presence="accessory"  system_ref="CAS"/>

<gene name="cas3_TypeI" presence="accessory"  system_ref="CAS"/>
<gene name="cas3a_TypeI" presence="accessory"  system_ref="CAS"/>
<gene name="cas7_TypeI" presence="accessory"  system_ref="CAS"/>

<gene name="casRa_TypeIA" presence="accessory"  system_ref="CAS-TypeIA"/>


<gene name="cas1_TypeID" presence="mandatory"/>
<gene name="cas3_TypeID" presence="mandatory"/>
<gene name="csc1_TypeID" presence="mandatory"/>
<gene name="csc2_TypeID" presence="mandatory"/>
<gene name="cas10d_TypeID" presence="mandatory"/>

</system>
