<system inter_gene_max_space="5" min_mandatory_genes_required="2" min_genes_required="3">

<gene name="cas1_TypeI-II-III" presence="accessory"  system_ref="CAS"/>
<gene name="cas2_TypeI-II-III" presence="accessory"  system_ref="CAS"/>
<gene name="cas6_TypeI-III" presence="accessory"  system_ref="CAS"/>
<gene name="cas4_TypeI-II" presence="accessory"  system_ref="CAS"/>
<gene name="cas5_TypeI" presence="accessory"  system_ref="CAS"/>
<gene name="cas3_TypeI" presence="accessory"  system_ref="CAS"/>
<gene name="cas3a_TypeI" presence="accessory"  system_ref="CAS"/>
<gene name="cas7_TypeI" presence="accessory"  system_ref="CAS"/>

<gene name="casRa_TypeIA" presence="accessory"  system_ref="CAS-TypeIA"/>

<gene name="cas8c_TypeIC" presence="forbidden" system_ref="CAS-TypeIC"/>

<gene name="cas1_TypeIB" presence="mandatory"/>
<gene name="cas5b_TypeIB" presence="mandatory"/>
<gene name="cas8a1b_TypeIB" presence="mandatory"/>
<gene name="cas7b_TypeIB" presence="mandatory"/>
<gene name="cas5b2_TypeIB" presence="mandatory"/>
<gene name="cas8b_TypeIB" presence="mandatory"/>
<gene name="cas7b2_TypeIB" presence="mandatory"/>
<gene name="cas8a1b2_TypeIB" presence="mandatory"/>
<gene name="cas8a1b3_TypeIB" presence="mandatory"/>
<gene name="cas7b3_TypeIB" presence="mandatory"/>

<gene name="csm3_TypeIIIA" presence="accessory"  system_ref="CAS-TypeIIIA"/>
<gene name="csx10_TypeIIIU" presence="accessory"  system_ref="CAS-TypeIIIU"/>


</system>
