<system inter_gene_max_space="5" min_mandatory_genes_required="2" min_genes_required="3">

<gene name="cas1_TypeI-II-III" presence="accessory"  system_ref="CAS"/>
<gene name="cas2_TypeI-II-III" presence="accessory"  system_ref="CAS"/>
<gene name="cas6_TypeI-III" presence="accessory"  system_ref="CAS"/>
<gene name="cas4_TypeI-II" presence="accessory"  system_ref="CAS"/>
<gene name="cas5_TypeI" presence="accessory"  system_ref="CAS"/>
<gene name="cas3_TypeI" presence="accessory"  system_ref="CAS"/>
<gene name="cas3a_TypeI" presence="accessory"  system_ref="CAS"/>

<gene name="cas7b3_TypeIB" presence="accessory"  system_ref="CAS-TypeIB"/>

<gene name="cas1_TypeIC" presence="mandatory"/>
<gene name="cas5c_TypeIC" presence="mandatory"/>
<gene name="cas8c_TypeIC" presence="mandatory"/>
<gene name="cas7c_TypeIC" presence="mandatory"/>
<gene name="cas5c2_TypeIC" presence="mandatory"/>
<gene name="cas7c2_TypeIC" presence="mandatory"/>
<gene name="cas8c2_TypeIC" presence="mandatory"/>

</system>
