<system inter_gene_max_space="5" min_mandatory_genes_required="2" min_genes_required="3">


<gene name="cas2_TypeI-II-III" presence="accessory" system_ref="CAS"/>

<gene name="cas3_TypeI" presence="forbidden" system_ref="CAS"/>
<gene name="cas3a_TypeI" presence="forbidden" system_ref="CAS"/>

<gene name="cas9_TypeII" presence="forbidden"  system_ref="CAS-TypeIIU"/>
<gene name="cas9_TypeIIB" presence="forbidden"  system_ref="CAS-TypeIIB"/>

<gene name="cas10_TypeIIIA" presence="forbidden"  system_ref="CAS-TypeIIIA"/>
<gene name="cas10_TypeIIIB" presence="forbidden"  system_ref="CAS-TypeIIIB"/>

<gene name="csf1_TypeU" presence="mandatory" />
<gene name="csf2_TypeU" presence="mandatory" /> 
<gene name="csf3_TypeU" presence="mandatory" /> 
<gene name="csf4_TypeU" presence="mandatory" />
<gene name="cas1_TypeU" presence="mandatory" /> 
<gene name="cas4_TypeU" presence="mandatory" /> 
<gene name="cpf1_TypeU" presence="mandatory" /> 


</system>
