<system inter_gene_max_space="5" min_mandatory_genes_required="2" min_genes_required="3">

<gene name="cas1_TypeI-II-III" presence="accessory"  system_ref="CAS"/>
<gene name="cas2_TypeI-II-III" presence="accessory"  system_ref="CAS"/>

<gene name="cas6_TypeI-III" presence="accessory"  system_ref="CAS"/>
<gene name="cas4_TypeI-II" presence="accessory"  system_ref="CAS"/>
<gene name="cas5_TypeI" presence="accessory"  system_ref="CAS"/>
<gene name="cas3_TypeI" presence="accessory"  system_ref="CAS"/>
<gene name="cas3a_TypeI" presence="accessory"  system_ref="CAS"/>
<gene name="cas7_TypeI" presence="accessory" system_ref="CAS"/>

<gene name="cas5a_TypeIA" presence="mandatory"/>
<gene name="cas4_TypeIA" presence="mandatory"/>
<gene name="cas7_TypeIA" presence="mandatory"/>
<gene name="casRa_TypeIA" presence="mandatory"/>
<gene name="cas8a2a_TypeIA" presence="mandatory"/>
<gene name="cas8a2a2_TypeIA" presence="mandatory"/>
<gene name="csa5_TypeIA" presence="mandatory"/>
<gene name="csaX_TypeIA" presence="mandatory"/>
<gene name="cas1_TypeIA" presence="mandatory"/>
<gene name="cas8a1a2_TypeIA" presence="mandatory"/>
<gene name="cas8a1a3_TypeIA" presence="mandatory"/>
<gene name="cas5a2_TypeIA" presence="mandatory"/>
<gene name="cas6_TypeIA" presence="mandatory"/>

</system>
