<system inter_gene_max_space="5" min_mandatory_genes_required="2" min_genes_required="3">

<gene name="cas1_TypeI-II-III" presence="forbidden"  system_ref="CAS"/>
<gene name="cas2_TypeI-II-III" presence="forbidden"  system_ref="CAS"/>
<gene name="cas4_TypeI-II" presence="forbidden"  system_ref="CAS"/>
<gene name="cas5_TypeI" presence="accessory"  system_ref="CAS"/>
<gene name="cas3_TypeI" presence="accessory"  system_ref="CAS"/>
<gene name="cas3a_TypeI" presence="accessory"  system_ref="CAS"/>

<gene name="cas1_TypeIE" presence="mandatory"/>
<gene name="cas2_TypeIE" presence="mandatory"/>
<gene name="cas5_TypeIE" presence="mandatory"/>
<gene name="cse1_TypeIE" presence="mandatory"/>
<gene name="cse2_TypeIE" presence="mandatory"/>
<gene name="cas6_TypeIE" presence="mandatory"/>
<gene name="cas7_TypeIE" presence="mandatory"/>


</system>
