[{"name": "CAS-TypeIE", "replicon": {"length": 4141, "name": "ESCO001c01a", "topology": "circular"}, "genes": [{"sequence_length": 107, "id": "ESCO001c01a_027720", "position": 2592}, {"sequence_length": 201, "id": "ESCO001c01a_027730", "position": 2593}, {"sequence_length": 475, "id": "ESCO001c01a_027740", "position": 2594}, {"sequence_length": 302, "id": "ESCO001c01a_027750", "position": 2595}, {"sequence_length": 345, "id": "ESCO001c01a_027760", "position": 2596}, {"gene_status": "mandatory", "end_match": 88, "begin_match": 3, "system": "CAS-TypeIE", "score": 143.8, "sequence_coverage": 0.9148936170212766, "sequence_length": 94, "i_eval": 5.3e-43, "position": 2597, "profile_coverage": 1.0, "id": "ESCO001c01a_027770", "match": "cas2_TypeIE"}, {"gene_status": "mandatory", "end_match": 272, "begin_match": 8, "system": "CAS-TypeIE", "score": 377.9, "sequence_coverage": 0.8688524590163934, "sequence_length": 305, "i_eval": 8.8e-114, "position": 2598, "profile_coverage": 0.9888475836431226, "id": "ESCO001c01a_027780", "match": "cas1_TypeIE"}, {"gene_status": "mandatory", "end_match": 199, "begin_match": 1, "system": "CAS-TypeIE", "score": 270.3, "sequence_coverage": 1.0, "sequence_length": 199, "i_eval": 6.1e-81, "position": 2599, "profile_coverage": 1.0, "id": "ESCO001c01a_027790", "match": "cas6_TypeIE"}, {"gene_status": "mandatory", "end_match": 216, "begin_match": 3, "system": "CAS-TypeIE", "score": 288.4, "sequence_coverage": 0.9553571428571429, "sequence_length": 224, "i_eval": 1.5e-86, "position": 2600, "profile_coverage": 1.0, "id": "ESCO001c01a_027800", "match": "cas5_TypeIE"}, {"gene_status": "mandatory", "end_match": 323, "begin_match": 3, "system": "CAS-TypeIE", "score": 430.8, "sequence_coverage": 0.8842975206611571, "sequence_length": 363, "i_eval": 2.1e-129, "position": 2601, "profile_coverage": 1.0, "id": "ESCO001c01a_027810", "match": "cas7_TypeIE"}, {"gene_status": "mandatory", "end_match": 154, "begin_match": 10, "system": "CAS-TypeIE", "score": 113.2, "sequence_coverage": 0.90625, "sequence_length": 160, "i_eval": 5.5e-33, "position": 2602, "profile_coverage": 0.9937106918238994, "id": "ESCO001c01a_027820", "match": "cse2_TypeIE"}, {"gene_status": "mandatory", "end_match": 496, "begin_match": 2, "system": "CAS-TypeIE", "score": 541.8, "sequence_coverage": 0.9860557768924303, "sequence_length": 502, "i_eval": 7e-163, "position": 2603, "profile_coverage": 1.0, "id": "ESCO001c01a_027830", "match": "cse1_TypeIE"}, {"gene_status": "accessory", "end_match": 715, "begin_match": 309, "system": "CAS", "score": 475.2, "sequence_coverage": 0.4583333333333333, "sequence_length": 888, "i_eval": 4.7e-143, "position": 2604, "profile_coverage": 0.9972067039106145, "id": "ESCO001c01a_027840", "match": "cas3_TypeI"}, {"sequence_length": 244, "id": "ESCO001c01a_027850", "position": 2605}, {"sequence_length": 570, "id": "ESCO001c01a_027860", "position": 2606}, {"sequence_length": 599, "id": "ESCO001c01a_027870", "position": 2607}, {"sequence_length": 121, "id": "ESCO001c01a_027880", "position": 2608}, {"sequence_length": 423, "id": "ESCO001c01a_027890", "position": 2609}], "summary": {"forbidden": {"cas4_TypeI-II": 0, "cas1_TypeI-II-III": 0, "cas2_TypeI-II-III": 0}, "mandatory": {"cas1_TypeIE": 1, "cse2_TypeIE": 1, "cas5_TypeIE": 1, "cas2_TypeIE": 1, "cas6_TypeIE": 1, "cas7_TypeIE": 1, "cse1_TypeIE": 1}, "state": "single_locus", "accessory": {"cas3_TypeI": 1, "cas5_TypeI": 0, "cas3a_TypeI": 0}}, "occurenceNumber": 1, "id": "ESCO001c01a_CAS-TypeIE_1"}, {"name": "CAS-TypeIB", "replicon": {"length": 51, "name": "HAMA001p04a", "topology": "circular"}, "genes": [{"sequence_length": 730, "id": "HAMA001p04a_000390", "position": 4180}, {"sequence_length": 104, "id": "HAMA001p04a_000400", "position": 4181}, {"sequence_length": 226, "id": "HAMA001p04a_000410", "position": 4182}, {"sequence_length": 79, "id": "HAMA001p04a_000420", "position": 4183}, {"sequence_length": 98, "id": "HAMA001p04a_000430", "position": 4184}, {"gene_status": "accessory", "end_match": 251, "begin_match": 39, "system": "CAS", "score": 97.3, "sequence_coverage": 0.7888888888888889, "sequence_length": 270, "i_eval": 6.1e-28, "position": 4185, "profile_coverage": 0.995, "id": "HAMA001p04a_000440", "match": "cas6_TypeI-III"}, {"gene_status": "mandatory", "end_match": 690, "begin_match": 251, "system": "CAS-TypeIB", "score": 498.6, "sequence_coverage": 0.6197183098591549, "sequence_length": 710, "i_eval": 5.6e-150, "position": 4186, "profile_coverage": 1.0, "id": "HAMA001p04a_000450", "match": "cas8b_TypeIB"}, {"gene_status": "mandatory", "end_match": 317, "begin_match": 11, "system": "CAS-TypeIB", "score": 470.7, "sequence_coverage": 0.8599439775910365, "sequence_length": 357, "i_eval": 6.9e-142, "position": 4187, "profile_coverage": 1.0, "id": "HAMA001p04a_000460", "match": "cas7b2_TypeIB"}, {"gene_status": "mandatory", "end_match": 265, "begin_match": 20, "system": "CAS-TypeIB", "score": 333.8, "sequence_coverage": 0.9283018867924528, "sequence_length": 265, "i_eval": 2.5e-100, "position": 4188, "profile_coverage": 1.0, "id": "HAMA001p04a_000470", "match": "cas5b2_TypeIB"}, {"gene_status": "accessory", "end_match": 259, "begin_match": 42, "system": "CAS", "score": 83.7, "sequence_coverage": 0.24412094064949608, "sequence_length": 893, "i_eval": 5.9e-24, "position": 4189, "profile_coverage": 0.9943820224719101, "id": "HAMA001p04a_000480", "match": "cas3a_TypeI"}, {"gene_status": "accessory", "end_match": 188, "begin_match": 32, "system": "CAS", "score": 64.0, "sequence_coverage": 0.8263157894736842, "sequence_length": 190, "i_eval": 5.6e-18, "position": 4190, "profile_coverage": 0.9888888888888889, "id": "HAMA001p04a_000490", "match": "cas4_TypeI-II"}, {"gene_status": "mandatory", "end_match": 330, "begin_match": 4, "system": "CAS-TypeIB", "score": 444.3, "sequence_coverage": 0.990909090909091, "sequence_length": 330, "i_eval": 9.9e-134, "position": 4191, "profile_coverage": 0.9969135802469136, "id": "HAMA001p04a_000500", "match": "cas1_TypeIB"}, {"gene_status": "accessory", "end_match": 82, "begin_match": 3, "system": "CAS", "score": 47.9, "sequence_coverage": 0.9195402298850575, "sequence_length": 87, "i_eval": 4.5e-13, "position": 4192, "profile_coverage": 0.8958333333333334, "id": "HAMA001p04a_000510", "match": "cas2_TypeI-II-III"}], "summary": {"forbidden": {"cas8c_TypeIC": 0}, "mandatory": {"cas8a1b_TypeIB": 0, "cas8b_TypeIB": 1, "cas1_TypeIB": 1, "cas7b3_TypeIB": 0, "cas8a1b2_TypeIB": 0, "cas7b2_TypeIB": 1, "cas5b2_TypeIB": 1, "cas5b_TypeIB": 0, "cas8a1b3_TypeIB": 0, "cas7b_TypeIB": 0}, "state": "single_locus", "accessory": {"cas3_TypeI": 0, "casRa_TypeIA": 0, "cas5_TypeI": 0, "csm3_TypeIIIA": 0, "cas7_TypeI": 0, "cas3a_TypeI": 1, "cas4_TypeI-II": 1, "cas2_TypeI-II-III": 1, "csx10_TypeIIIU": 0, "cas6_TypeI-III": 1, "cas1_TypeI-II-III": 0}}, "occurenceNumber": 1, "id": "HAMA001p04a_CAS-TypeIB_1"}, {"name": "CAS-TypeIIB", "replicon": {"length": 3027, "name": "LEPN003c01a", "topology": "circular"}, "genes": [{"sequence_length": 396, "id": "LEPN003c01a_001510", "position": 4342}, {"sequence_length": 330, "id": "LEPN003c01a_001520", "position": 4343}, {"sequence_length": 668, "id": "LEPN003c01a_001530", "position": 4344}, {"sequence_length": 444, "id": "LEPN003c01a_001540", "position": 4345}, {"sequence_length": 683, "id": "LEPN003c01a_001550", "position": 4346}, {"gene_status": "mandatory", "end_match": 754, "begin_match": 9, "system": "CAS-TypeIIB", "score": 1157.6, "sequence_coverage": 0.543731778425656, "sequence_length": 1372, "i_eval": 0.0, "position": 4347, "profile_coverage": 1.0, "id": "LEPN003c01a_001560", "match": "cas9_TypeIIB"}, {"gene_status": "accessory", "end_match": 324, "begin_match": 4, "system": "CAS", "score": 194.6, "sequence_coverage": 0.9727272727272728, "sequence_length": 330, "i_eval": 8.3e-58, "position": 4348, "profile_coverage": 0.9938837920489296, "id": "LEPN003c01a_001570", "match": "cas1_TypeI-II-III"}, {"gene_status": "accessory", "end_match": 80, "begin_match": 9, "system": "CAS", "score": 31.5, "sequence_coverage": 0.7272727272727273, "sequence_length": 99, "i_eval": 5.9e-08, "position": 4349, "profile_coverage": 0.7708333333333334, "id": "LEPN003c01a_001580", "match": "cas2_TypeI-II-III"}, {"gene_status": "mandatory", "end_match": 193, "begin_match": 10, "system": "CAS", "score": 72.5, "sequence_coverage": 0.934010152284264, "sequence_length": 197, "i_eval": 1.4e-20, "position": 4350, "profile_coverage": 0.9777777777777777, "id": "LEPN003c01a_001590", "match": "cas4_TypeI-II"}, {"sequence_length": 227, "id": "LEPN003c01a_001600", "position": 4351}, {"sequence_length": 289, "id": "LEPN003c01a_001610", "position": 4352}, {"sequence_length": 128, "id": "LEPN003c01a_001620", "position": 4353}, {"sequence_length": 67, "id": "LEPN003c01a_001630", "position": 4354}, {"sequence_length": 100, "id": "LEPN003c01a_001640", "position": 4355}], "summary": {"forbidden": {"cas3_TypeI": 0, "csn2_TypeIIA": 0, "cas3a_TypeI": 0, "cas9_TypeII": 0}, "mandatory": {"cas9_TypeIIB": 1, "cas4_TypeI-II": 1}, "state": "single_locus", "accessory": {"cas1_TypeII": 0, "cas1_TypeI-II-III": 1, "cas2_TypeI-II-III": 1}}, "occurenceNumber": 1, "id": "LEPN003c01a_CAS-TypeIIB_1"}]